SYMBOL,SECTOR
SHLM,Basic Industries
ADES,Basic Industries
AEGN,Basic Industries
AMTX,Basic Industries
AMRK,Basic Industries
AMWD,Basic Industries
AMRS,Basic Industries
AQMS,Basic Industries
RKDA,Basic Industries
APWC,Basic Industries
BCPC,Basic Industries
CLXT,Basic Industries
CVCO,Basic Industries
CENX,Basic Industries
CADC,Basic Industries
CHNR,Basic Industries
CDXS,Basic Industries
CRWS,Basic Industries
CSWI,Basic Industries
CTIB,Basic Industries
DELT,Basic Industries
DELTW,Basic Industries
EVGN,Basic Industries
GEVO,Basic Industries
GLDD,Basic Industries
GPP,Basic Industries
GPRE,Basic Industries
GURE,Basic Industries
HCCI,Basic Industries
HYGS,Basic Industries
IOSP,Basic Industries
FSTR,Basic Industries
LNDC,Basic Industries
LAYN,Basic Industries
LMB,Basic Industries
MBII,Basic Industries
MTRX,Basic Industries
MERC,Basic Industries
MRDN,Basic Industries
MRDNW,Basic Industries
MEOH,Basic Industries
MPVD,Basic Industries
MYRG,Basic Industries
NEWA,Basic Industries
NWPX,Basic Industries
ZEUS,Basic Industries
OPNT,Basic Industries
OCC,Basic Industries
OSN,Basic Industries
PEIX,Basic Industries
PAAS,Basic Industries
PATK,Basic Industries
PESI,Basic Industries
PGLC,Basic Industries
PLPC,Basic Industries
PRIM,Basic Industries
GOLD,Basic Industries
RGSE,Basic Industries
REGI,Basic Industries
RTK,Basic Industries
RGLD,Basic Industries
SNES,Basic Industries
SMED,Basic Industries
SND,Basic Industries
SSRM,Basic Industries
STLD,Basic Industries
SRCL,Basic Industries
SRCLP,Basic Industries
STRL,Basic Industries
SYNL,Basic Industries
SYMX,Basic Industries
TANH,Basic Industries
TORM          ,Basic Industries
USLM,Basic Industries
UFPI,Basic Industries
USAP,Basic Industries
VERU,Basic Industries
WDFC,Basic Industries
WWR,Basic Industries
YTEN,Basic Industries
AVHI,Capital Goods
AAON,Capital Goods
ABAX,Capital Goods
AXDX,Capital Goods
ADOM,Capital Goods
AEIS,Capital Goods
AEHR,Capital Goods
AVAV,Capital Goods
AEMD,Capital Goods
AMOT,Capital Goods
AIMC,Capital Goods
AOBC,Capital Goods
ARII,Capital Goods
ALOG,Capital Goods
APOG,Capital Goods
ARCW,Capital Goods
ARTW,Capital Goods
ASTE,Capital Goods
ATRO,Capital Goods
ASTC,Capital Goods
ASV,Capital Goods
AAXN,Capital Goods
BELFA,Capital Goods
BELFB,Capital Goods
BLBD,Capital Goods
BNSO,Capital Goods
BWEN,Capital Goods
BRKR,Capital Goods
CSTE,Capital Goods
CAMT,Capital Goods
CECE,Capital Goods
CETX,Capital Goods
CETXP,Capital Goods
CETXW,Capital Goods
KOOL,Capital Goods
GTLS,Capital Goods
CAAS,Capital Goods
CCCL,Capital Goods
CXDC,Capital Goods
CDTI,Capital Goods
CLIR,Capital Goods
CLIRW,Capital Goods
CODA,Capital Goods
CGNX,Capital Goods
COHR,Capital Goods
COHU,Capital Goods
CMCO,Capital Goods
CVGI,Capital Goods
CHCI,Capital Goods
CTRL,Capital Goods
CPSH,Capital Goods
CYBE,Capital Goods
DAIO,Capital Goods
BOOM,Capital Goods
DORM,Capital Goods
DXPE,Capital Goods
DYSL,Capital Goods
EACQ,Capital Goods
EACQU,Capital Goods
EACQW,Capital Goods
EML,Capital Goods
EKSO,Capital Goods
ESLT,Capital Goods
ELSE,Capital Goods
WIRE,Capital Goods
EXFO,Capital Goods
FARO,Capital Goods
GSM,Capital Goods
FLIR,Capital Goods
FLDM,Capital Goods
FRTA,Capital Goods
RAIL,Capital Goods
FEIM,Capital Goods
FTEK,Capital Goods
FFHL,Capital Goods
GRMN,Capital Goods
GENC,Capital Goods
GNTX,Capital Goods
THRM,Capital Goods
GEOS,Capital Goods
ROCK,Capital Goods
GIGA,Capital Goods
GRBK,Capital Goods
GIFI,Capital Goods
HNH,Capital Goods
HDNG,Capital Goods
HBIO,Capital Goods
HAYN,Capital Goods
HEBT,Capital Goods
HIHO,Capital Goods
HOVNP,Capital Goods
HTGM,Capital Goods
HURC,Capital Goods
IEP,Capital Goods
IESC,Capital Goods
IIVI,Capital Goods
ILMN,Capital Goods
ISNS,Capital Goods
PI,Capital Goods
IIIN,Capital Goods
IART,Capital Goods
IIN,Capital Goods
ITRI,Capital Goods
KALU,Capital Goods
KNDI,Capital Goods
KEQU,Capital Goods
KLAC,Capital Goods
KLXI,Capital Goods
KRNT,Capital Goods
KTOS,Capital Goods
LGIH,Capital Goods
LCUT,Capital Goods
MBUU,Capital Goods
MATW,Capital Goods
MCFT,Capital Goods
MRCY,Capital Goods
MLAB,Capital Goods
MICT,Capital Goods
MICTW,Capital Goods
MVIS,Capital Goods
MSON,Capital Goods
MKSI,Capital Goods
MINI,Capital Goods
MPAA,Capital Goods
MTSC,Capital Goods
NANO,Capital Goods
NEON,Capital Goods
NFEC,Capital Goods
NNBR,Capital Goods
NDSN,Capital Goods
NSYS,Capital Goods
NTIC,Capital Goods
NVMI,Capital Goods
OFLX,Capital Goods
ORBK,Capital Goods
PCAR,Capital Goods
PACB,Capital Goods
PKOH,Capital Goods
PRCP,Capital Goods
PPIH,Capital Goods
PGTI,Capital Goods
PRPO,Capital Goods
PSDV,Capital Goods
RAVN,Capital Goods
ROLL,Capital Goods
RFIL,Capital Goods
ROKA,Capital Goods
SMIT,Capital Goods
SHLO,Capital Goods
SORL,Capital Goods
SPAR,Capital Goods
STRT,Capital Goods
SNHY,Capital Goods
RUN,Capital Goods
SYPR,Capital Goods
TATT,Capital Goods
TAYD,Capital Goods
TGEN,Capital Goods
TNAV,Capital Goods
TSLA,Capital Goods
XONE,Capital Goods
TRNS,Capital Goods
TRS,Capital Goods
TRMB,Capital Goods
USCR,Capital Goods
UFPT,Capital Goods
UNXL,Capital Goods
OLED,Capital Goods
VREX,Capital Goods
VICR,Capital Goods
WKHS,Capital Goods
XCRA,Capital Goods
ZKIN,Capital Goods
AMSC,Consumer Durables
CRMT,Consumer Durables
BSET,Consumer Durables
CASY,Consumer Durables
CENT,Consumer Durables
CENTA,Consumer Durables
CVO,Consumer Durables
CTHR,Consumer Durables
CJJD,Consumer Durables
CDXC,Consumer Durables
CPRT,Consumer Durables
CYAN,Consumer Durables
DAKT,Consumer Durables
EDUC,Consumer Durables
EFOI,Consumer Durables
ENZY          ,Consumer Durables
CLWT,Consumer Durables
FLXS,Consumer Durables
FOMX,Consumer Durables
FELE,Consumer Durables
GPIA,Consumer Durables
GPIAU,Consumer Durables
GPIAW,Consumer Durables
HWKN,Consumer Durables
HELE,Consumer Durables
MLHR,Consumer Durables
HOFT,Consumer Durables
HDSN,Consumer Durables
IDSY,Consumer Durables
IDSA,Consumer Durables
INWK,Consumer Durables
IPHS,Consumer Durables
INSG,Consumer Durables
TILE,Consumer Durables
IRDM,Consumer Durables
IRDMB,Consumer Durables
IRBT,Consumer Durables
ITI,Consumer Durables
JASN,Consumer Durables
JASNW,Consumer Durables
KBAL,Consumer Durables
LAWS,Consumer Durables
LFUS,Consumer Durables
LYTS,Consumer Durables
LITE,Consumer Durables
MAGS,Consumer Durables
MTEX,Consumer Durables
MDWD,Consumer Durables
NSSC,Consumer Durables
NAII,Consumer Durables
NHTC,Consumer Durables
NXEO,Consumer Durables
NXEOU,Consumer Durables
NXEOW,Consumer Durables
NVFY,Consumer Durables
NMRX,Consumer Durables
OBCI,Consumer Durables
OESX,Consumer Durables
PPSI,Consumer Durables
POOL,Consumer Durables
POWL,Consumer Durables
RVLT,Consumer Durables
RUSHA,Consumer Durables
RUSHB,Consumer Durables
SCHN,Consumer Durables
SCSS,Consumer Durables
SGLB,Consumer Durables
SGLBW,Consumer Durables
SLGN,Consumer Durables
SODA,Consumer Durables
STLY,Consumer Durables
SUMR,Consumer Durables
TGLS,Consumer Durables
DXYN,Consumer Durables
GT,Consumer Durables
TA,Consumer Durables
TANNI,Consumer Durables
TANNL,Consumer Durables
TANNZ,Consumer Durables
HEAR,Consumer Durables
UTSI,Consumer Durables
VIRC,Consumer Durables
VWR,Consumer Durables
WMAR,Consumer Durables
WLFC,Consumer Durables
XGTI,Consumer Durables
XGTIW,Consumer Durables
ALCO,Consumer Non-Durables
ABAC,Consumer Non-Durables
BEBE,Consumer Non-Durables
BUFF,Consumer Non-Durables
BRID,Consumer Non-Durables
BUR,Consumer Non-Durables
CVGW,Consumer Non-Durables
CALM,Consumer Non-Durables
CELH,Consumer Non-Durables
CHKE,Consumer Non-Durables
CTAS,Consumer Non-Durables
CLAR,Consumer Non-Durables
COKE,Consumer Non-Durables
JVA,Consumer Non-Durables
COLM,Consumer Non-Durables
CORE,Consumer Non-Durables
BREW,Consumer Non-Durables
CROX,Consumer Non-Durables
CUI,Consumer Non-Durables
DTEA,Consumer Non-Durables
DSWL,Consumer Non-Durables
DFBG,Consumer Non-Durables
ESDI,Consumer Non-Durables
ESDIW,Consumer Non-Durables
ENTG,Consumer Non-Durables
ESCA,Consumer Non-Durables
EVK,Consumer Non-Durables
FARM,Consumer Non-Durables
FORD,Consumer Non-Durables
FOSL,Consumer Non-Durables
FOXF,Consumer Non-Durables
FRPT,Consumer Non-Durables
FORK,Consumer Non-Durables
FTFT,Consumer Non-Durables
WILC,Consumer Non-Durables
GPIC,Consumer Non-Durables
GIII,Consumer Non-Durables
HAS,Consumer Non-Durables
TWNK,Consumer Non-Durables
TWNKW,Consumer Non-Durables
HWCC,Consumer Non-Durables
ICON,Consumer Non-Durables
IFON,Consumer Non-Durables
IMTE,Consumer Non-Durables
IPAR,Consumer Non-Durables
SNAK,Consumer Non-Durables
ITRN,Consumer Non-Durables
JJSF,Consumer Non-Durables
JAKK,Consumer Non-Durables
JBSS,Consumer Non-Durables
JOUT,Consumer Non-Durables
KBSF,Consumer Non-Durables
KOSS,Consumer Non-Durables
LANC,Consumer Non-Durables
LBIX,Consumer Non-Durables
LWAY,Consumer Non-Durables
LMNR,Consumer Non-Durables
LTEA,Consumer Non-Durables
LRAD,Consumer Non-Durables
LULU,Consumer Non-Durables
MAT,Consumer Non-Durables
MGPI,Consumer Non-Durables
MDLZ,Consumer Non-Durables
MNST,Consumer Non-Durables
NAKD,Consumer Non-Durables
FIZZ,Consumer Non-Durables
NBEV,Consumer Non-Durables
SEED,Consumer Non-Durables
PERY,Consumer Non-Durables
PPC,Consumer Non-Durables
POPE,Consumer Non-Durables
PRMW,Consumer Non-Durables
RADA,Consumer Non-Durables
RAVE,Consumer Non-Durables
RELY,Consumer Non-Durables
RIBT,Consumer Non-Durables
RIBTW,Consumer Non-Durables
RELL,Consumer Non-Durables
RCKY,Consumer Non-Durables
RMCF,Consumer Non-Durables
SANW,Consumer Non-Durables
SAFM,Consumer Non-Durables
SENEA,Consumer Non-Durables
SENEB,Consumer Non-Durables
SQBG,Consumer Non-Durables
TYHT,Consumer Non-Durables
LNCE,Consumer Non-Durables
SPTN,Consumer Non-Durables
SHOO,Consumer Non-Durables
SGC,Consumer Non-Durables
TAIT,Consumer Non-Durables
TLF,Consumer Non-Durables
TESS,Consumer Non-Durables
CHEF,Consumer Non-Durables
HAIN,Consumer Non-Durables
KHC,Consumer Non-Durables
SMPL,Consumer Non-Durables
SMPLW,Consumer Non-Durables
THST,Consumer Non-Durables
UNFI,Consumer Non-Durables
UG,Consumer Non-Durables
UEIC,Consumer Non-Durables
WOOF,Consumer Non-Durables
VRA,Consumer Non-Durables
VOXX,Consumer Non-Durables
WEYS,Consumer Non-Durables
WVVI,Consumer Non-Durables
WVVIP,Consumer Non-Durables
FLWS,Consumer Services
AEY,Consumer Services
AGNC,Consumer Services
AGNCB,Consumer Services
AGNCN,Consumer Services
AGNCP,Consumer Services
AMMA,Consumer Services
ASPS,Consumer Services
AMZN,Consumer Services
AMCX,Consumer Services
UHAL,Consumer Services
APEI,Consumer Services
ANGI,Consumer Services
ARCI,Consumer Services
APDN,Consumer Services
APDNW,Consumer Services
ARKR,Consumer Services
ASNA,Consumer Services
ASCMA,Consumer Services
ASPU,Consumer Services
ATAI,Consumer Services
AAPC,Consumer Services
CAR,Consumer Services
BCOM,Consumer Services
BZUN,Consumer Services
BECN,Consumer Services
BBGI,Consumer Services
BBBY,Consumer Services
BGFV,Consumer Services
BJRI,Consumer Services
BLMN,Consumer Services
BMCH,Consumer Services
BOBE,Consumer Services
WIFI,Consumer Services
BOJA,Consumer Services
BBRG,Consumer Services
BWLD,Consumer Services
BLDR,Consumer Services
CACQ,Consumer Services
CZR,Consumer Services
PRSS,Consumer Services
ABCD,Consumer Services
CPHC,Consumer Services
CPLA,Consumer Services
CECO,Consumer Services
CTRE,Consumer Services
TAST,Consumer Services
CRTN,Consumer Services
CDW,Consumer Services
CETV,Consumer Services
CNTY,Consumer Services
HOTR,Consumer Services
CHTR,Consumer Services
CSSE,Consumer Services
PLCE,Consumer Services
CALI,Consumer Services
CIFS,Consumer Services
HTHT,Consumer Services
CHSCL,Consumer Services
CHSCM,Consumer Services
CHSCN,Consumer Services
CHSCO,Consumer Services
CHSCP,Consumer Services
CHDN,Consumer Services
CHUY,Consumer Services
CMCT,Consumer Services
CIDM,Consumer Services
CTRN,Consumer Services
CCOI,Consumer Services
COGT,Consumer Services
CMCSA,Consumer Services
CDOR,Consumer Services
CONN,Consumer Services
COST,Consumer Services
CBRL,Consumer Services
CMLS,Consumer Services
CONE,Consumer Services
DJCO,Consumer Services
DSKE,Consumer Services
DSKEW,Consumer Services
PLAY,Consumer Services
DFRG,Consumer Services
TACO,Consumer Services
TACOW,Consumer Services
DENN,Consumer Services
DEST,Consumer Services
DXLG,Consumer Services
DISCA,Consumer Services
DISCB,Consumer Services
DISCK,Consumer Services
DISH,Consumer Services
SAUC,Consumer Services
DLTR,Consumer Services
DLTH,Consumer Services
DNKN,Consumer Services
EEI,Consumer Services
LOCO,Consumer Services
EMITF,Consumer Services
ERI,Consumer Services
EMMS,Consumer Services
NYNY,Consumer Services
ENG,Consumer Services
EQIX,Consumer Services
ESND,Consumer Services
EVLV,Consumer Services
EXPE,Consumer Services
EXPO,Consumer Services
EZPW,Consumer Services
DAVE,Consumer Services
FAST,Consumer Services
FRGI,Consumer Services
FCFS,Consumer Services
FIVE,Consumer Services
FOGO,Consumer Services
FORR,Consumer Services
FRAN,Consumer Services
FRED,Consumer Services
FTD,Consumer Services
FLL,Consumer Services
GAIA,Consumer Services
GLPI,Consumer Services
GNUS,Consumer Services
GOOD,Consumer Services
GOODM,Consumer Services
GOODO,Consumer Services
GOODP,Consumer Services
LAND,Consumer Services
LANDP,Consumer Services
ENT,Consumer Services
SELF,Consumer Services
GOGO,Consumer Services
GLNG,Consumer Services
GMLP,Consumer Services
GDEN,Consumer Services
GOGL,Consumer Services
GTIM,Consumer Services
LOPE,Consumer Services
GYRO,Consumer Services
HLG,Consumer Services
HCOM,Consumer Services
HDS,Consumer Services
HMNY,Consumer Services
HMTV,Consumer Services
HIBB,Consumer Services
HPT,Consumer Services
HMHC,Consumer Services
HSNI,Consumer Services
HURN,Consumer Services
HBP,Consumer Services
IAC,Consumer Services
ICFI,Consumer Services
IFMK,Consumer Services
III,Consumer Services
IMKTA,Consumer Services
NSIT,Consumer Services
ISIG,Consumer Services
ISCA,Consumer Services
IRCP,Consumer Services
IZEA,Consumer Services
MAYS,Consumer Services
JACK,Consumer Services
JMBA,Consumer Services
JD,Consumer Services
JCTCF,Consumer Services
KIRK,Consumer Services
KONA,Consumer Services
LAMR,Consumer Services
LMRK,Consumer Services
LMRKO,Consumer Services
LMRKP,Consumer Services
LE,Consumer Services
LAUR,Consumer Services
LBRDA,Consumer Services
LBRDK,Consumer Services
LEXEA,Consumer Services
LEXEB,Consumer Services
LBTYA,Consumer Services
LBTYB,Consumer Services
LBTYK,Consumer Services
LILA,Consumer Services
LILAK,Consumer Services
LVNTA,Consumer Services
LVNTB,Consumer Services
QVCA,Consumer Services
QVCB,Consumer Services
BATRA,Consumer Services
BATRK,Consumer Services
FWONA,Consumer Services
FWONK,Consumer Services
LSXMA,Consumer Services
LSXMB,Consumer Services
LSXMK,Consumer Services
LTBR,Consumer Services
LINC,Consumer Services
LIND,Consumer Services
LINDW,Consumer Services
LINU,Consumer Services
LKQ,Consumer Services
MMYT,Consumer Services
LOAN,Consumer Services
MANT,Consumer Services
MAR,Consumer Services
MXPT,Consumer Services
MLCO,Consumer Services
MCRI,Consumer Services
MNRO,Consumer Services
MSG,Consumer Services
MTGE,Consumer Services
MTGEP,Consumer Services
NATH,Consumer Services
NAUH,Consumer Services
NCMI,Consumer Services
NFLX,Consumer Services
NYMT,Consumer Services
NYMTO,Consumer Services
NWS,Consumer Services
NWSA,Consumer Services
NXST,Consumer Services
NDLS,Consumer Services
NCLH,Consumer Services
NTRI,Consumer Services
NVEE,Consumer Services
NXTD,Consumer Services
NXTDW,Consumer Services
OMEX,Consumer Services
ODP,Consumer Services
OLLI,Consumer Services
ORBC,Consumer Services
ORLY,Consumer Services
OSTK,Consumer Services
PZZA,Consumer Services
FRSH,Consumer Services
PAYX,Consumer Services
CNXN,Consumer Services
PCMI,Consumer Services
SKIS,Consumer Services
PENN,Consumer Services
PFMT,Consumer Services
PERF,Consumer Services
PNK,Consumer Services
PLYA,Consumer Services
PBPB,Consumer Services
PCH,Consumer Services
PINC,Consumer Services
PRGX,Consumer Services
PSMT,Consumer Services
RCM,Consumer Services
RLOG,Consumer Services
RICK,Consumer Services
RDI,Consumer Services
RDIB,Consumer Services
RRGB,Consumer Services
RRR,Consumer Services
MARK,Consumer Services
ROIC,Consumer Services
RVEN,Consumer Services
RNET,Consumer Services
RLJE,Consumer Services
RTNB,Consumer Services
ROST,Consumer Services
RUTH,Consumer Services
SBRA,Consumer Services
SBRAP,Consumer Services
SALM,Consumer Services
SBAC,Consumer Services
SCHL,Consumer Services
SNI,Consumer Services
SHLD,Consumer Services
SHLDW,Consumer Services
SHOS,Consumer Services
SIR,Consumer Services
SNH,Consumer Services
SNHNI,Consumer Services
SNHNL,Consumer Services
SSC,Consumer Services
SGBX,Consumer Services
SCVL,Consumer Services
SBGI,Consumer Services
SIRI,Consumer Services
SONC,Consumer Services
SOHO,Consumer Services
SOHOB,Consumer Services
SOHOM,Consumer Services
SP,Consumer Services
SPWH,Consumer Services
SFM,Consumer Services
SPLS,Consumer Services
SBUX,Consumer Services
SMRT,Consumer Services
STRS,Consumer Services
STRA,Consumer Services
STKL,Consumer Services
TEDU,Consumer Services
TTEK,Consumer Services
TXRH,Consumer Services
ABCO,Consumer Services
ANDE,Consumer Services
BONT,Consumer Services
CAKE,Consumer Services
FINL,Consumer Services
HABT,Consumer Services
HCKT,Consumer Services
INTG,Consumer Services
MEET,Consumer Services
MIK,Consumer Services
STKS,Consumer Services
PRSC,Consumer Services
RMR,Consumer Services
TST,Consumer Services
TTS,Consumer Services
TITN,Consumer Services
CLUB,Consumer Services
TSCO,Consumer Services
TWMC,Consumer Services
TRNC,Consumer Services
TUES,Consumer Services
TOUR,Consumer Services
FOX,Consumer Services
FOXA,Consumer Services
PRTS,Consumer Services
ULTA,Consumer Services
UNIT,Consumer Services
UONE,Consumer Services
UONEK,Consumer Services
URBN,Consumer Services
VIA,Consumer Services
VIAB,Consumer Services
VDTH,Consumer Services
VLGEA,Consumer Services
VSEC,Consumer Services
WEN,Consumer Services
WHLR,Consumer Services
WHLRD,Consumer Services
WHLRP,Consumer Services
WHLRW,Consumer Services
WHLM,Consumer Services
WLDN,Consumer Services
WING,Consumer Services
WINA,Consumer Services
WPCS,Consumer Services
WYNN,Consumer Services
YTRA,Consumer Services
YOGA,Consumer Services
YGYI,Consumer Services
ZAGG,Consumer Services
ZUMZ,Consumer Services
AXAS,Energy
AHGP,Energy
ARLP,Energy
AETI,Energy
AREX,Energy
BLDP,Energy
BKEP,Energy
BKEPP,Energy
CLMT,Energy
CPST,Energy
CRZO,Energy
CDEV,Energy
CCLP,Energy
DWSN,Energy
FANG,Energy
DMLP,Energy
ESES,Energy
EXXI,Energy
EVEP,Energy
XOG,Energy
GPOR,Energy
HNRG,Energy
HOLI,Energy
IPWR,Energy
ISRL,Energy
LGCY,Energy
LGCYO,Energy
LGCYP,Energy
LLEX,Energy
LONE,Energy
TUSK,Energy
MARPS,Energy
MMLP,Energy
MGEE,Energy
MCEP,Energy
NCSM,Energy
ORIG,Energy
PTEN,Energy
PDCE,Energy
PVAC,Energy
PLUG,Energy
PNRG,Energy
PFIE,Energy
METC,Energy
RCON,Energy
REXX,Energy
ROSE,Energy
ROSEU,Energy
ROSEW,Energy
SAEX,Energy
SEV,Energy
SNDE,Energy
TELL,Energy
TESO,Energy
TRCH,Energy
TPIC,Energy
TGA,Energy
USEG,Energy
UPL,Energy
VTNR,Energy
VNOM,Energy
WLB,Energy
WPRT,Energy
WWD,Energy
ZN,Energy
ZNWAA,Energy
PIH,Finance
TURN,Finance
FCCY,Finance
SRCE,Finance
ABIL,Finance
ANCX,Finance
ACNB,Finance
AGFS,Finance
AGFSW,Finance
ABTX,Finance
AMBC,Finance
AMBCW,Finance
ATAX,Finance
AMNB,Finance
ANAT,Finance
AMRB,Finance
ABCB,Finance
AMSF,Finance
ASRV,Finance
ASRVP,Finance
ATLO,Finance
AFSI,Finance
ANCB,Finance
ANDA,Finance
ANDAR,Finance
ANDAU,Finance
ANDAW,Finance
ACGL,Finance
ACGLO,Finance
ACGLP,Finance
AGII,Finance
AGIIL,Finance
AROW,Finance
ASBB,Finance
ASFI,Finance
ATACU,Finance
AAME,Finance
ACBI,Finance
ACFC,Finance
ATLC,Finance
AFH,Finance
AFHBL,Finance
AUBN,Finance
AHPA,Finance
AHPAU,Finance
AHPAW,Finance
AXAR,Finance
AXARU,Finance
AXARW,Finance
BWINA,Finance
BWINB,Finance
BANF,Finance
BANFP,Finance
BCTF,Finance
BKMU,Finance
BOCH,Finance
BMRC,Finance
BMLP,Finance
BKSC,Finance
BOTJ,Finance
OZRK,Finance
BFIN,Finance
BWFG,Finance
BANR,Finance
TAPR,Finance
BHAC,Finance
BHACR,Finance
BHACU,Finance
BHACW,Finance
BYBK,Finance
BCBP,Finance
BSF,Finance
BNCL,Finance
BGCP,Finance
BCAC,Finance
BCACR,Finance
BCACU,Finance
BCACW,Finance
HAWK,Finance
BHBK,Finance
BOFI,Finance
BOFIL,Finance
BOKF,Finance
BOKFL,Finance
BRQS,Finance
BRQSW,Finance
BOMN,Finance
BPFH,Finance
BPFHP,Finance
BPFHW,Finance
BLVD,Finance
BLVDU,Finance
BLVDW,Finance
BDGE,Finance
BHF,Finance
BYFC,Finance
BRKL,Finance
BMTC,Finance
BLMT,Finance
CFFI,Finance
CFNB,Finance
CAC,Finance
CBF,Finance
CCBG,Finance
CFFN,Finance
CSTR,Finance
CARO,Finance
CART,Finance
CARV,Finance
CATY,Finance
CATYW,Finance
CBFV,Finance
CBOE,Finance
CSFL,Finance
CFBK,Finance
CVCY,Finance
CNBKA,Finance
CFCO,Finance
CFCOU,Finance
CFCOW,Finance
CHFN,Finance
CHFC,Finance
CHMG,Finance
CCCR,Finance
JRJC,Finance
HGSH,Finance
CLDC,Finance
CINF,Finance
CZNC,Finance
CZWI,Finance
CZFC,Finance
CIZN,Finance
CHCO,Finance
CIVB,Finance
CIVBP,Finance
CSBK,Finance
CME,Finance
CCNE,Finance
CWAY,Finance
COBZ,Finance
CVLY,Finance
CIGI,Finance
CBAN,Finance
COLB,Finance
CBSH,Finance
CBSHP,Finance
CUBN,Finance
ESXB,Finance
CFBI,Finance
CTBI,Finance
CWBC,Finance
CNFR,Finance
CNOB,Finance
CNAC,Finance
CNACR,Finance
CNACU,Finance
CNACW,Finance
CPSS,Finance
CRVL,Finance
ICBK,Finance
COWN,Finance
COWNL,Finance
PMTS,Finance
CACC,Finance
USOI,Finance
CRESY,Finance
CUNB,Finance
CVBF,Finance
DHIL,Finance
DCOM,Finance
DNBF,Finance
DGICA,Finance
DGICB,Finance
EAGL,Finance
EAGLU,Finance
EAGLW,Finance
ETFC,Finance
EBMT,Finance
EGBN,Finance
EFBI,Finance
EWBC,Finance
EHTH,Finance
ELEC,Finance
ELECU,Finance
ELECW,Finance
ESBK,Finance
EMCI,Finance
EMCF,Finance
ECPG,Finance
ESGR,Finance
ENFC,Finance
EBTC,Finance
EFSC,Finance
EQFN,Finance
EQBK,Finance
ERIE,Finance
ESQ,Finance
ESSA,Finance
EEFT,Finance
FANH,Finance
FMAO,Finance
FFKT,Finance
FMNB,Finance
FBSS,Finance
FSACU,Finance
FNHC,Finance
LION,Finance
FSAM,Finance
FITB,Finance
FITBI,Finance
FNGN,Finance
FISI,Finance
FNTE,Finance
FNTEU,Finance
FNTEW,Finance
FBNC,Finance
FNLC,Finance
BUSE,Finance
FBIZ,Finance
FCAP,Finance
FCNCA,Finance
FCBC,Finance
FCCO,Finance
FBNK,Finance
FDEF,Finance
FFBC,Finance
FFBCW,Finance
FFIN,Finance
THFF,Finance
FFNW,Finance
FFWM,Finance
FGBI,Finance
FHB,Finance
INBK,Finance
INBKL,Finance
FIBK,Finance
FRME,Finance
FMBH,Finance
FMBI,Finance
FNWB,Finance
FSFG,Finance
FSBK,Finance
FUNC,Finance
FUSB,Finance
FSV,Finance
FFIC,Finance
FNBG,Finance
FMCI,Finance
FMCIR,Finance
FMCIU,Finance
FMCIW,Finance
FRPH,Finance
FSBW,Finance
FSBC,Finance
FULT,Finance
GABC,Finance
GBCI,Finance
GLBZ,Finance
GLBR,Finance
GBLI,Finance
GBLIL,Finance
GBLIZ,Finance
GSHT,Finance
GSHTU,Finance
GSHTW,Finance
GOV,Finance
GOVNI,Finance
GSBC,Finance
GNBC,Finance
GCBC,Finance
GLRE,Finance
GRIF,Finance
GGAL,Finance
GTYH,Finance
GTYHU,Finance
GTYHW,Finance
GBNK,Finance
GNTY,Finance
GFED,Finance
GWGH,Finance
HALL,Finance
HBK,Finance
HLNE,Finance
HBHC,Finance
HBHCL,Finance
HAFC,Finance
HONE,Finance
HWBK,Finance
HIIQ,Finance
HTLF,Finance
HNNA,Finance
HTBK,Finance
HFWA,Finance
HMNF,Finance
HBCP,Finance
HOMB,Finance
HFBL,Finance
HMST,Finance
HMTA,Finance
HTBI,Finance
HOPE,Finance
HFBC,Finance
HBNC,Finance
HBMD,Finance
HBAN,Finance
HBANN,Finance
HBANO,Finance
HBANP,Finance
HVBC,Finance
IAMXU,Finance
IBKC,Finance
IBKCO,Finance
IBKCP,Finance
ICCH,Finance
IROQ,Finance
ILG,Finance
INDB,Finance
IBCP,Finance
IBTX,Finance
INDU,Finance
INDUU,Finance
INDUW,Finance
IPCC,Finance
IBKR,Finance
IBOC,Finance
INTL,Finance
ISTR,Finance
ISBC,Finance
ITIC,Finance
DTYS,Finance
DTYL,Finance
DTUS,Finance
DTUL,Finance
DFVS,Finance
DFVL,Finance
FLAT,Finance
DLBS,Finance
DLBL,Finance
STPP,Finance
JXSB,Finance
JRVR,Finance
JSYN,Finance
JSYNR,Finance
JSYNU,Finance
JSYNW,Finance
JTPY,Finance
WYIG,Finance
WYIGU,Finance
WYIGW,Finance
KAAC,Finance
KAACU,Finance
KAACW,Finance
KBLM,Finance
KBLMR,Finance
KBLMU,Finance
KBLMW,Finance
KRNY,Finance
KFFB,Finance
KINS,Finance
KNSL,Finance
LSBK,Finance
LBAI,Finance
LKFN,Finance
LCA,Finance
LCAHU,Finance
LCAHW,Finance
LARK,Finance
LCNB,Finance
LTXB,Finance
TREE,Finance
LOB,Finance
LMFA,Finance
LMFAW,Finance
LPLA,Finance
MBTF,Finance
MACQ,Finance
MACQW,Finance
MIII,Finance
MIIIU,Finance
MIIIW,Finance
MCBC,Finance
MFNC,Finance
MGYR,Finance
MHLD,Finance
MSFG,Finance
MLVF,Finance
MKTX,Finance
MRLN,Finance
MPAC,Finance
MPACU,Finance
MPACW,Finance
MBFI,Finance
MBFIP,Finance
MFIN,Finance
MFINL,Finance
MELR,Finance
MBWM,Finance
EBSB,Finance
CASH,Finance
MPB,Finance
MBCN,Finance
MSBI,Finance
MOFG,Finance
MMAC,Finance
MMDM,Finance
MMDMR,Finance
MMDMU,Finance
MMDMW,Finance
MORN,Finance
MSBF,Finance
MFSF,Finance
NDAQ,Finance
NKSH,Finance
NCOM,Finance
NESR,Finance
NESRW,Finance
NGHC,Finance
NGHCN,Finance
NGHCO,Finance
NGHCP,Finance
NGHCZ,Finance
NHLD,Finance
NHLDW,Finance
NSEC,Finance
NWLI,Finance
ISM,Finance
JSM,Finance
NAVI,Finance
NBTB,Finance
UEPS,Finance
NYMTP,Finance
NEWS,Finance
NODK,Finance
NICK,Finance
NCBS,Finance
NMIH,Finance
NBN,Finance
NTRS,Finance
NTRSP,Finance
NFBK,Finance
NRIM,Finance
NWBI,Finance
NWFL,Finance
OVLY,Finance
OCFC,Finance
OFED,Finance
OVBC,Finance
OLBK,Finance
ONB,Finance
OPOF,Finance
OSBC,Finance
OSBCP,Finance
OBAS,Finance
OPHC,Finance
OACQ,Finance
OACQR,Finance
OACQU,Finance
OACQW,Finance
ORIT,Finance
ORRF,Finance
OSPR,Finance
OSPRU,Finance
OSPRW,Finance
OTTW,Finance
OXBR,Finance
OXBRW,Finance
PCBK,Finance
PMBC,Finance
PPBI,Finance
PACW,Finance
PBNC,Finance
PSTB,Finance
PKBK,Finance
PBHC,Finance
PNBK,Finance
PYDS,Finance
PBBI,Finance
PCSB,Finance
PGC,Finance
PWOD,Finance
WRLS,Finance
WRLSR,Finance
WRLSU,Finance
WRLSW,Finance
PEBO,Finance
PEBK,Finance
PFBX,Finance
PFIS,Finance
PBCT,Finance
PBCTP,Finance
PUB,Finance
PICO,Finance
PNFP,Finance
PLBC,Finance
PBSK,Finance
BPOP,Finance
BPOPM,Finance
BPOPN,Finance
PBIB,Finance
PRAA,Finance
PFBI,Finance
PVBC,Finance
PROV,Finance
PBIP,Finance
QCRH,Finance
RNDB,Finance
RBB,Finance
RDFN,Finance
RNST,Finance
RBCAA,Finance
FRBK,Finance
RVSB,Finance
RBPAA,Finance
STBA,Finance
SCAC,Finance
SCACU,Finance
SCACW,Finance
SAFT,Finance
SAL,Finance
SASR,Finance
SBFG,Finance
SBFGP,Finance
SBCF,Finance
SNFCA,Finance
SEIC,Finance
SLCT,Finance
SIGI,Finance
SFBS,Finance
SVBI,Finance
SHBI,Finance
SIFI,Finance
SIEB,Finance
BSRR,Finance
SBNY,Finance
SBNYW,Finance
SRUN,Finance
SRUNU,Finance
SRUNW,Finance
SAMG,Finance
SFNC,Finance
SLM,Finance
SLMBP,Finance
SMBK,Finance
SFBC,Finance
SSB,Finance
SFST,Finance
SMBC,Finance
SONA,Finance
SBSI,Finance
OKSB,Finance
STFC,Finance
STBZ,Finance
SNC,Finance
STLR,Finance
STLRU,Finance
STLRW,Finance
SSFN,Finance
SYBT,Finance
SMMF,Finance
SNBC,Finance
SBCP,Finance
SBBX,Finance
SIVB,Finance
SIVBO,Finance
TROW,Finance
AMTD,Finance
TBNK,Finance
TCBI,Finance
TCBIL,Finance
TCBIP,Finance
TCBIW,Finance
TFSL,Finance
TBBK,Finance
CG,Finance
TCFC,Finance
FBMS,Finance
FLIC,Finance
NAVG,Finance
TIL,Finance
TSBK,Finance
TIPT,Finance
TCBK,Finance
TSC,Finance
TBK,Finance
TRST,Finance
TRMK,Finance
TRCB,Finance
GROW,Finance
UMBF,Finance
UMPQ,Finance
UNAM,Finance
UBSH,Finance
UNB,Finance
UBCP,Finance
UBOH,Finance
UBSI,Finance
UCBA,Finance
UCBI,Finance
UCFC,Finance
UBNK,Finance
UFCS,Finance
UIHC,Finance
UBFO,Finance
UNTY,Finance
UVSP,Finance
VALU,Finance
VEAC,Finance
VEACU,Finance
VEACW,Finance
DGLD,Finance
DSLV,Finance
UGLD,Finance
USLV,Finance
TVIZ,Finance
TVIX,Finance
ZIV,Finance
XIV,Finance
VIIZ,Finance
VIIX,Finance
VBTX,Finance
VBFC,Finance
VIRT,Finance
VRTS,Finance
VRTSP,Finance
WAFD,Finance
WAFDW,Finance
WASH,Finance
WFBI,Finance
WSBF,Finance
WAYN,Finance
WCFB,Finance
WEBK,Finance
WSBC,Finance
WTBA,Finance
WABC,Finance
WBB,Finance
WNEB,Finance
WLTW,Finance
WINS,Finance
WTFC,Finance
WTFCM,Finance
WTFCW,Finance
WETF,Finance
WMIH,Finance
WBKC,Finance
WRLD,Finance
WSFS,Finance
WSFSL,Finance
WVFC,Finance
XBKS,Finance
GLDI,Finance
SLVO,Finance
YERR,Finance
YIN,Finance
ZAIS,Finance
ZION,Finance
ZIONW,Finance
ZIONZ,Finance
ABEO,Health Care
ABEOW,Health Care
ABMD,Health Care
ACIU,Health Care
ACHC,Health Care
ACAD,Health Care
ACST,Health Care
XLRN,Health Care
ARAY,Health Care
ACRX,Health Care
ACET,Health Care
AKAO,Health Care
ACHV,Health Care
ACHN,Health Care
ACRS,Health Care
ACOR,Health Care
ADMS,Health Care
ADMP,Health Care
ADAP,Health Care
ADUS,Health Care
ADMA,Health Care
ADRO,Health Care
AAAP,Health Care
ADXS,Health Care
ADXSW,Health Care
ADVM,Health Care
AGLE,Health Care
AERI,Health Care
AEZS,Health Care
GNMX,Health Care
AFMD,Health Care
AGEN,Health Care
AGRX,Health Care
AGIO,Health Care
ALRN,Health Care
AIMT,Health Care
AKTX,Health Care
AKCA,Health Care
AKBA,Health Care
AKER,Health Care
AKRX,Health Care
ALBO,Health Care
ADHD,Health Care
ALDR,Health Care
ALDX,Health Care
ALXN,Health Care
ALGN,Health Care
ALIM,Health Care
ALKS,Health Care
AHPI,Health Care
ALQA,Health Care
AFAM,Health Care
ALNY,Health Care
ATEC,Health Care
ALPN,Health Care
ALT,Health Care
AMAG,Health Care
AMRN,Health Care
AMDA,Health Care
AMED,Health Care
AMGN,Health Care
FOLD,Health Care
AMPH,Health Care
ANAB,Health Care
AVXL,Health Care
ANGO,Health Care
ANIP,Health Care
ANIK,Health Care
ATRS,Health Care
ANTH,Health Care
APEN,Health Care
AGTC,Health Care
APRI,Health Care
APVO,Health Care
APTO,Health Care
AQXP,Health Care
ARDM,Health Care
ARLZ,Health Care
PETX,Health Care
ABUS,Health Care
ABIO,Health Care
ARDX,Health Care
ARNA,Health Care
ARGX,Health Care
ARGS,Health Care
ARQL,Health Care
ARRY,Health Care
ARWR,Health Care
ASND,Health Care
ASMB,Health Care
ATRA,Health Care
ATNX,Health Care
ATHX,Health Care
ATOS,Health Care
ATRC,Health Care
ATRI,Health Care
LIFE,Health Care
BOLD,Health Care
AUPH,Health Care
EARS,Health Care
AVDL,Health Care
ATXI,Health Care
AVEO,Health Care
AVXS,Health Care
AVGR,Health Care
AVIR,Health Care
AXGN,Health Care
AXON          ,Health Care
AXSM,Health Care
AZRX,Health Care
BGNE,Health Care
BLPH,Health Care
BLCM,Health Care
BNTC,Health Care
BNTCW,Health Care
BYSI,Health Care
BASI,Health Care
ORPN,Health Care
BIOC,Health Care
BCRX,Health Care
BDSI,Health Care
BIIB,Health Care
BIOL,Health Care
BLFS,Health Care
BLRX,Health Care
BMRN,Health Care
BMRA,Health Care
BVXV,Health Care
BVXVW,Health Care
BPTH,Health Care
BIOP,Health Care
BIOS,Health Care
BSTC,Health Care
BSTG,Health Care
BSPM,Health Care
TECH,Health Care
BEAT,Health Care
BIVV,Health Care
BLUE,Health Care
BPMC,Health Care
BCLI,Health Care
CLBS,Health Care
CALA,Health Care
CGIX,Health Care
CAPR,Health Care
CARA,Health Care
CRME,Health Care
CSII,Health Care
CDNA,Health Care
CASM,Health Care
CASC,Health Care
CASI,Health Care
CATB,Health Care
CBIO,Health Care
CPRX,Health Care
CATS,Health Care
CELG,Health Care
CELGZ,Health Care
CLDX,Health Care
CLRB,Health Care
CLRBW,Health Care
CLRBZ,Health Care
CLLS,Health Care
CBMG,Health Care
CLSN,Health Care
CYAD,Health Care
CEMP,Health Care
CERC,Health Care
CERCW,Health Care
CERS,Health Care
CSBR,Health Care
CHEK,Health Care
CHEKW,Health Care
CKPT,Health Care
CEMI,Health Care
CCXI,Health Care
CHFS,Health Care
CHMA,Health Care
CMRX,Health Care
CBPO,Health Care
CDTX,Health Care
CTXR,Health Care
CTXRW,Health Care
CLSD,Health Care
CMTA,Health Care
CBLI,Health Care
CLVS,Health Care
CODX,Health Care
CGNT,Health Care
CHRS,Health Care
COLL,Health Care
CBMX,Health Care
CBMXW,Health Care
CYHHZ,Health Care
CGEN,Health Care
CNAT,Health Care
CNCE,Health Care
CXRX,Health Care
CFMS,Health Care
CNMD,Health Care
CFRX,Health Care
CTRV,Health Care
CRBP,Health Care
CORT,Health Care
CORI,Health Care
CRVS,Health Care
CRSP,Health Care
CTIC,Health Care
CPIX,Health Care
CRIS,Health Care
CUTR,Health Care
CYCC,Health Care
CYCCP,Health Care
CBAY,Health Care
CYTK,Health Care
CTMX,Health Care
CYTX,Health Care
CYTXW,Health Care
CTSO,Health Care
CYTR,Health Care
DARE,Health Care
DRIO,Health Care
DRIOW,Health Care
DBVT,Health Care
DCTH,Health Care
DMPI,Health Care
XRAY,Health Care
DEPO,Health Care
DERM,Health Care
DXCM,Health Care
DXTR,Health Care
DRNA,Health Care
DFFN,Health Care
DRAD,Health Care
DMTX,Health Care
DVCR,Health Care
DOVA,Health Care
DRRX,Health Care
DYNT,Health Care
DVAX,Health Care
EGRX,Health Care
EDAP,Health Care
EDGE,Health Care
EDIT,Health Care
EGLT,Health Care
EIGR,Health Care
EBIO,Health Care
ENTA,Health Care
ENDP,Health Care
ECYT,Health Care
ELGX,Health Care
NDRA,Health Care
NDRAW,Health Care
ENTL,Health Care
ETRM,Health Care
EPZM,Health Care
ESPR,Health Care
EPIX,Health Care
EVOK,Health Care
EXAS,Health Care
EXAC,Health Care
EXEL,Health Care
ESRX,Health Care
EYEG,Health Care
EYEGW,Health Care
FATE,Health Care
FCSC,Health Care
FGEN,Health Care
FPRX,Health Care
FVE,Health Care
FLKS,Health Care
FLXN,Health Care
FONR,Health Care
FBIO,Health Care
FWP,Health Care
FMI,Health Care
FLGT,Health Care
GTHX,Health Care
GLPG,Health Care
GALT,Health Care
GALE,Health Care
GLMD,Health Care
GEMP,Health Care
GENE,Health Care
GNMK,Health Care
GNCA,Health Care
GHDX,Health Care
GERN,Health Care
GILD,Health Care
GBT,Health Care
GPAC,Health Care
GPACU,Health Care
GPACW,Health Care
GLYC,Health Care
GRFS,Health Care
GTXI,Health Care
GWPH,Health Care
HALO,Health Care
HCSG,Health Care
HTBX,Health Care
HSIC,Health Care
HRTX,Health Care
HSKA,Health Care
HSGX,Health Care
HOLX,Health Care
HZNP,Health Care
HCM,Health Care
ICAD,Health Care
ICLR,Health Care
ICUI,Health Care
IDRA,Health Care
IDXX,Health Care
RXDX,Health Care
KANG,Health Care
ICCC,Health Care
IMDZ,Health Care
IMNP          ,Health Care
IMGN,Health Care
IMMU,Health Care
IMRN,Health Care
IMRNW,Health Care
IPXL,Health Care
IMMY,Health Care
INCR,Health Care
INCY,Health Care
INFI,Health Care
INVA,Health Care
INGN,Health Care
ITEK,Health Care
INO,Health Care
INSM,Health Care
PODD,Health Care
INSY,Health Care
NTEC,Health Care
NTLA,Health Care
IPCI,Health Care
ICPT,Health Care
IDXG,Health Care
XENT,Health Care
ITCI,Health Care
ISRG,Health Care
NVIV,Health Care
IVTY,Health Care
IONS,Health Care
IOVA,Health Care
IRMD,Health Care
IRTC,Health Care
IRIX,Health Care
IRWD,Health Care
JAGX,Health Care
JAZZ,Health Care
JNCE,Health Care
JNP,Health Care
JUNO,Health Care
KTWO,Health Care
KALA,Health Care
KALV,Health Care
KMDA,Health Care
KPTI,Health Care
KMPH,Health Care
KERX,Health Care
KIN,Health Care
KITE,Health Care
KTOV,Health Care
KTOVW,Health Care
KURA,Health Care
LJPC,Health Care
LAKE,Health Care
LNTH,Health Care
LPTX,Health Care
LMAT,Health Care
LXRX,Health Care
LHCG,Health Care
LLIT,Health Care
LPNT,Health Care
LFVN,Health Care
LGND,Health Care
LPCN,Health Care
LIVN,Health Care
EVAR,Health Care
LOXO,Health Care
LMNX,Health Care
LUNA,Health Care
MBVX,Health Care
MGNX,Health Care
MDGL,Health Care
MGLN,Health Care
MNKD,Health Care
MRNS,Health Care
MASI,Health Care
MZOR,Health Care
MNOV,Health Care
MDGS,Health Care
MDVX,Health Care
MDVXW,Health Care
MEDP,Health Care
MEIP,Health Care
VIVO,Health Care
MMSI,Health Care
MACK,Health Care
MRSN,Health Care
MRUS,Health Care
MESO,Health Care
MGCD,Health Care
MBOT,Health Care
MTP,Health Care
MDXG,Health Care
NERV,Health Care
MGEN,Health Care
MRTX,Health Care
MTEM,Health Care
MBRX,Health Care
MNTA,Health Care
MTFB,Health Care
MTFBW,Health Care
MBIO,Health Care
MYL,Health Care
MYND,Health Care
MYNDW,Health Care
MYOK,Health Care
MYOS,Health Care
MYGN,Health Care
NBRV,Health Care
NSTG,Health Care
NK,Health Care
NTRA,Health Care
NRCIA,Health Care
NRCIB,Health Care
NATR,Health Care
BABY,Health Care
NKTR,Health Care
NEOG,Health Care
NEO,Health Care
NEOS,Health Care
NEOT,Health Care
NVCN,Health Care
NEPT,Health Care
CUR,Health Care
NBIX,Health Care
NDRM,Health Care
NURO,Health Care
NUROW,Health Care
NTRP,Health Care
NLNK,Health Care
NOVN,Health Care
NVAX,Health Care
NVLN,Health Care
NVCR,Health Care
NVGN,Health Care
NVUS,Health Care
NUVA,Health Care
NVTR,Health Care
NXTM,Health Care
NYMX,Health Care
OASM,Health Care
OBLN,Health Care
OBSV,Health Care
OCRX,Health Care
OCUL,Health Care
OHRP,Health Care
OMER,Health Care
ONS,Health Care
ONSIW,Health Care
ONSIZ,Health Care
OMED,Health Care
ONTX,Health Care
ONTXW,Health Care
ONCS,Health Care
OPXA,Health Care
OPXAW,Health Care
OPGN,Health Care
OPGNW,Health Care
OPHT,Health Care
OPK,Health Care
ORMP,Health Care
OSUR,Health Care
OREX,Health Care
ONVO,Health Care
OFIX,Health Care
OTIC,Health Care
OVAS,Health Care
OVID,Health Care
OXFD,Health Care
PCRX,Health Care
PTIE,Health Care
PRTK,Health Care
PRXL,Health Care
PDCO,Health Care
PAVM,Health Care
PAVMW,Health Care
PDLI,Health Care
PPHM,Health Care
PPHMP,Health Care
PTX,Health Care
PETQ,Health Care
PETS,Health Care
PZRX,Health Care
PAHC,Health Care
PIRS,Health Care
PSTI,Health Care
PLXP,Health Care
PTLA,Health Care
PRAH,Health Care
PRAN,Health Care
LENS,Health Care
PBMD,Health Care
PDEX,Health Care
PGNX,Health Care
PRPH,Health Care
PRQR,Health Care
PTGX,Health Care
PRTO,Health Care
PTI,Health Care
PRTA,Health Care
PMD,Health Care
PTCT,Health Care
PULM,Health Care
PLSE,Health Care
PBYI,Health Care
QGEN,Health Care
QDEL,Health Care
QTNT,Health Care
RARX,Health Care
RDUS,Health Care
RDNT,Health Care
RETA,Health Care
REPH,Health Care
RDHL,Health Care
REGN,Health Care
RGNX,Health Care
RGLS,Health Care
RELV,Health Care
RNVA,Health Care
RNVAZ,Health Care
RGEN,Health Care
RPRX,Health Care
RTRX,Health Care
RVNC,Health Care
RWLK,Health Care
RIGL,Health Care
RTTR,Health Care
RMTI,Health Care
ROSG,Health Care
RTIX,Health Care
RXII,Health Care
RXIIW,Health Care
SAGE,Health Care
SGMO,Health Care
GCVRZ,Health Care
SRPT,Health Care
SVRA,Health Care
SCLN,Health Care
SCYX,Health Care
SPNE,Health Care
SGEN,Health Care
EYES,Health Care
EYESW,Health Care
SELB,Health Care
SNMX,Health Care
SRTS,Health Care
SRTSW,Health Care
MCRB,Health Care
SHPG,Health Care
SNNA,Health Care
SIEN,Health Care
SRRA,Health Care
SVA,Health Care
SKLN,Health Care
SLNO,Health Care
SLNOW,Health Care
SNGX,Health Care
SNGXW,Health Care
SNOA,Health Care
SNOAW,Health Care
SRNE,Health Care
ONCE,Health Care
SPPI,Health Care
SBPH,Health Care
STAA,Health Care
STDY,Health Care
SBOT,Health Care
STML,Health Care
SSKN,Health Care
SBBP,Health Care
SCMP,Health Care
SMMT,Health Care
SNSS,Health Care
SUPN,Health Care
SGRY,Health Care
SRDX,Health Care
SNDX,Health Care
SGYP,Health Care
SYRS,Health Care
TTOO,Health Care
TCMD,Health Care
TNDM,Health Care
TPIV,Health Care
TEAR,Health Care
TLGT,Health Care
TENX,Health Care
TSRO,Health Care
TTPH,Health Care
TGTX,Health Care
ENSG,Health Care
MDCO,Health Care
TRPX,Health Care
TBPH,Health Care
TIG,Health Care
TTNP,Health Care
TVTY,Health Care
TOCA,Health Care
TNXP,Health Care
TCON,Health Care
TRVN,Health Care
TRIL,Health Care
TRIB,Health Care
TROV,Health Care
TRUP,Health Care
TYME,Health Care
RARE,Health Care
QURE,Health Care
UTHR,Health Care
URGN,Health Care
UTMD,Health Care
VLRX,Health Care
VNDA,Health Care
VBLT,Health Care
VBIV,Health Care
VCYT,Health Care
VSTM,Health Care
VCEL,Health Care
VRML,Health Care
VRNA,Health Care
VSAR,Health Care
VRTX,Health Care
VICL,Health Care
VRAY,Health Care
VKTX,Health Care
VKTXW,Health Care
VTGN,Health Care
VTL,Health Care
VIVE,Health Care
VVUS,Health Care
VYGR,Health Care
VTVT,Health Care
WBA,Health Care
WVE,Health Care
WMGI,Health Care
WMGIZ,Health Care
XBIT,Health Care
XNCR,Health Care
XBIO,Health Care
XENE,Health Care
XOMA,Health Care
XTLB,Health Care
ZFGN,Health Care
ZEAL,Health Care
ZIOP,Health Care
ZGNX,Health Care
ZSAN,Health Care
ZYNE,Health Care
ACTG,Miscellaneous
AKAM,Miscellaneous
ALJJ,Miscellaneous
ARTX,Miscellaneous
ATHN,Miscellaneous
RILY,Miscellaneous
RILYL,Miscellaneous
RILYZ,Miscellaneous
BSQR,Miscellaneous
CATM,Miscellaneous
CASS,Miscellaneous
CBAK,Miscellaneous
CDK,Miscellaneous
CCRC,Miscellaneous
CREG,Miscellaneous
CMPR,Miscellaneous
CLCT,Miscellaneous
CSGP,Miscellaneous
CRAI,Miscellaneous
CTRP,Miscellaneous
APPS,Miscellaneous
EBAY,Miscellaneous
EBAYL,Miscellaneous
ESIO,Miscellaneous
ETSY,Miscellaneous
XELA,Miscellaneous
XELAU,Miscellaneous
XELAW,Miscellaneous
EXLS,Miscellaneous
FNJN,Miscellaneous
FH,Miscellaneous
FCEL,Miscellaneous
GPRO,Miscellaneous
GRVY,Miscellaneous
HQY,Miscellaneous
HPJ,Miscellaneous
HMSY,Miscellaneous
IKNX,Miscellaneous
IDCC,Miscellaneous
ITUS,Miscellaneous
KGJI,Miscellaneous
TAX,Miscellaneous
LLNW,Miscellaneous
LQDT,Miscellaneous
MARA,Miscellaneous
MCHX,Miscellaneous
MXWL,Miscellaneous
MELI,Miscellaneous
MLNK,Miscellaneous
MGI,Miscellaneous
LABL,Miscellaneous
NTES,Miscellaneous
EGOV,Miscellaneous
NOVT,Miscellaneous
OMNT,Miscellaneous
ONVI,Miscellaneous
PYPL,Miscellaneous
PCO,Miscellaneous
PFSW,Miscellaneous
PLPM,Miscellaneous
PCOM,Miscellaneous
POLA,Miscellaneous
QIWI,Miscellaneous
QTRH,Miscellaneous
QNST,Miscellaneous
RRD,Miscellaneous
RDWR,Miscellaneous
REIS,Miscellaneous
REFR,Miscellaneous
RECN,Miscellaneous
RMGN,Miscellaneous
RPXC,Miscellaneous
SREV,Miscellaneous
SFLY,Miscellaneous
SSNT,Miscellaneous
SITO,Miscellaneous
SGRP,Miscellaneous
SPEX,Miscellaneous
STMP,Miscellaneous
TRHC,Miscellaneous
TTGT,Miscellaneous
JYNT,Miscellaneous
PCLN,Miscellaneous
NCTY,Miscellaneous
TIVO,Miscellaneous
ULBI,Miscellaneous
USAT,Miscellaneous
USATP,Miscellaneous
WBMD,Miscellaneous
WSTC,Miscellaneous
XELB,Miscellaneous
Z,Miscellaneous
ZG,Miscellaneous
ACCP,n/a
SQZZ,n/a
ABDC,n/a
SMCP,n/a
SWIN,n/a
ACSF,n/a
IBUY,n/a
AINV,n/a
AQB,n/a
ARCC,n/a
DWAT,n/a
ATAC,n/a
ATACR,n/a
BOLT,n/a
BKCC,n/a
ADRA,n/a
ADRD,n/a
ADRE,n/a
ADRU,n/a
ITEQ,n/a
BOXL,n/a
BBRX,n/a
BMLA,n/a
CHY,n/a
CHI,n/a
CCD,n/a
CHW,n/a
CGO,n/a
CSQ,n/a
CSWC,n/a
CPTA,n/a
CPTAG,n/a
CPTAL,n/a
APOP,n/a
APOPW,n/a
CNTF,n/a
CACG,n/a
YLDE,n/a
LRGE,n/a
CMFN,n/a
CCFI,n/a
DFNL,n/a
DUSA,n/a
DWLD,n/a
DHXM,n/a
IGLE,n/a
EVGBC,n/a
EVSTC,n/a
EVLMC,n/a
DWAC,n/a
EHR,n/a
FSAC,n/a
FSACW,n/a
ONEQ,n/a
FDUS,n/a
FSC,n/a
FSCFL,n/a
FSFR,n/a
FRBA,n/a
FAAR,n/a
FPA,n/a
BICK,n/a
FBZ,n/a
FCAL,n/a
FCAN,n/a
FTCS,n/a
FCEF,n/a
FCA,n/a
SKYY,n/a
RNDM,n/a
FDT,n/a
FDTS,n/a
FVC,n/a
FV,n/a
IFV,n/a
DWPP,n/a
FEM,n/a
RNEM,n/a
FEMB,n/a
FEMS,n/a
FTSM,n/a
FEP,n/a
FEUZ,n/a
FGM,n/a
FTGC,n/a
FTHI,n/a
HYLS,n/a
FHK,n/a
FTAG,n/a
FTRI,n/a
FPXI,n/a
YDIV,n/a
FJP,n/a
FEX,n/a
FTC,n/a
RNLC,n/a
FTA,n/a
FLN,n/a
FTLB,n/a
LMBS,n/a
FMB,n/a
FMK,n/a
FNX,n/a
FNY,n/a
RNMC,n/a
FNK,n/a
FAD,n/a
FAB,n/a
MDIV,n/a
MCEF,n/a
QABA,n/a
FTXO,n/a
QCLN,n/a
GRID,n/a
CIBR,n/a
FTXG,n/a
CARZ,n/a
FTXN,n/a
FTXH,n/a
FTXD,n/a
FTXL,n/a
FONE,n/a
TDIV,n/a
FTXR,n/a
QQEW,n/a
QQXT,n/a
QTEC,n/a
AIRR,n/a
QINC,n/a
RDVY,n/a
RFAP,n/a
RFDI,n/a
RFEM,n/a
RFEU,n/a
FTSL,n/a
FYX,n/a
FYC,n/a
RNSC,n/a
FYT,n/a
FKO,n/a
FCVT,n/a
FDIV,n/a
FSZ,n/a
FTW,n/a
FIXD,n/a
TUSA,n/a
FKU,n/a
RNDV,n/a
SVVC,n/a
SKOR,n/a
LKOR,n/a
MBSD,n/a
ASET,n/a
ESGG,n/a
ESG,n/a
QLC,n/a
FKLY,n/a
FKLYU,n/a
FTEO,n/a
FMAX,n/a
FOANC,n/a
MOGLC,n/a
GARS,n/a
GNST,n/a
GLAD,n/a
GLADO,n/a
GAIN,n/a
GAINM,n/a
GAINN,n/a
GAINO,n/a
KRMA,n/a
FINX,n/a
ACTX,n/a
BFIT,n/a
SNSR,n/a
LNGR,n/a
MILN,n/a
EFAS,n/a
QQQC,n/a
BOTZ,n/a
CATH,n/a
SOCL,n/a
ALTY,n/a
SRET,n/a
YLCO,n/a
GBDC,n/a
FULLL,n/a
GECC,n/a
GSVC,n/a
HEES,n/a
HCAP,n/a
HCAPL,n/a
HCAPZ,n/a
SNLN,n/a
HIFS,n/a
HRZN,n/a
DAX,n/a
QYLD,n/a
CSML,n/a
PMPT,n/a
SLQD,n/a
CSJ,n/a
ISHG,n/a
SHY,n/a
TLT,n/a
IEI,n/a
IEF,n/a
AIA,n/a
COMT,n/a
ISTB,n/a
IXUS,n/a
IUSG,n/a
IUSV,n/a
IUSB,n/a
HEWG,n/a
SUSB,n/a
SUSC,n/a
XT,n/a
FALN,n/a
IFEU,n/a
IFGL,n/a
IGF,n/a
GNMA,n/a
HYXE,n/a
CIU,n/a
IGOV,n/a
EMB,n/a
MBB,n/a
JKI,n/a
ACWX,n/a
ACWI,n/a
AAXJ,n/a
EWZS,n/a
MCHI,n/a
ESGD,n/a
SCZ,n/a
ESGE,n/a
EEMA,n/a
EMXC,n/a
EUFN,n/a
IEUS,n/a
RING,n/a
MPCT,n/a
ENZL,n/a
QAT,n/a
TUR,n/a
UAE,n/a
ESGU,n/a
IBB,n/a
SOXX,n/a
AMCA,n/a
EMIF,n/a
ICLN,n/a
WOOD,n/a
INDY,n/a
IJT,n/a
DVY,n/a
SHV,n/a
CRED,n/a
PFF,n/a
IVENC,n/a
IVFGC,n/a
IVFVC,n/a
SGQI,n/a
JSML,n/a
JSMD,n/a
KCAP,n/a
KCAPL,n/a
KWEB,n/a
DDBI,n/a
EDBI,n/a
INFR,n/a
LVHD,n/a
SQLV,n/a
UDBI,n/a
CNCR,n/a
MACQU,n/a
MAPI,n/a
MRCC,n/a
MOTA,n/a
MRIC,n/a
NBCP,n/a
NEWT,n/a
NEWTL,n/a
NEWTZ,n/a
QQQX,n/a
OFS,n/a
OHAI,n/a
OPB,n/a
OTG,n/a
OXLC,n/a
OXLCM,n/a
OXLCO,n/a
PFLT,n/a
PNNT,n/a
PME,n/a
PLW,n/a
PKW,n/a
PFM,n/a
PYZ,n/a
PEZ,n/a
PSL,n/a
PIZ,n/a
PIE,n/a
PXI,n/a
PFI,n/a
PTH,n/a
PRN,n/a
DWLV,n/a
PDP,n/a
DWAQ,n/a
DWAS,n/a
DWIN,n/a
DWTR,n/a
PTF,n/a
PUI,n/a
IDLB,n/a
PRFZ,n/a
PAGG,n/a
PSAU,n/a
PIO,n/a
PGJ,n/a
PEY,n/a
IPKW,n/a
PID,n/a
KBWB,n/a
KBWD,n/a
KBWY,n/a
KBWP,n/a
KBWR,n/a
LDRI,n/a
LALT,n/a
PNQI,n/a
PDBC,n/a
QQQ,n/a
USLB,n/a
PSCD,n/a
PSCC,n/a
PSCE,n/a
PSCF,n/a
PSCH,n/a
PSCI,n/a
PSCT,n/a
PSCM,n/a
PSCU,n/a
VRIG,n/a
PHO,n/a
PFBC,n/a
PBIO,n/a
BTEC,n/a
GENY,n/a
PSET,n/a
PY,n/a
PSC,n/a
EQRR,n/a
BIB,n/a
UBIO,n/a
TQQQ,n/a
ZBIO,n/a
SQQQ,n/a
BIS,n/a
PSEC,n/a
RAND,n/a
RSAS,n/a
RBIO,n/a
ROBO,n/a
SCCI,n/a
SRVA,n/a
SLRC,n/a
SUNS,n/a
SPHS,n/a
DWFI,n/a
FUND,n/a
BANX,n/a
SGBK,n/a
SSBI,n/a
SYBX,n/a
CGBD,n/a
TCPC,n/a
BPRN,n/a
FITS,n/a
CUBA,n/a
OLD,n/a
SLIM,n/a
ORG,n/a
TCRD,n/a
TICC,n/a
TICCL,n/a
TOWN,n/a
USAU,n/a
UREE,n/a
VALX,n/a
BBH,n/a
GNRX,n/a
PPH,n/a
VWOB,n/a
VNQI,n/a
VGIT,n/a
VCIT,n/a
VIGI,n/a
VYMI,n/a
VCLT,n/a
VGLT,n/a
VMBS,n/a
VONE,n/a
VONG,n/a
VONV,n/a
VTWO,n/a
VTWG,n/a
VTWV,n/a
VTHR,n/a
VCSH,n/a
VGSH,n/a
VTIP,n/a
BNDX,n/a
VXUS,n/a
VMET,n/a
CIZ,n/a
VSDA,n/a
CEZ,n/a
CID,n/a
CIL,n/a
CFO,n/a
CFA,n/a
CSF,n/a
CDC,n/a
CDL,n/a
VSMV,n/a
CSB,n/a
CSA,n/a
VBND,n/a
VUSE,n/a
VIDI,n/a
BBC,n/a
BBP,n/a
VIST,n/a
WNFM,n/a
FLAG,n/a
WHF,n/a
WHFBL,n/a
AGZD,n/a
AGND,n/a
CXSE,n/a
EMCG,n/a
EMCB,n/a
DGRE,n/a
DXGE,n/a
HYZD,n/a
DXJS,n/a
GULF,n/a
HYND,n/a
DGRW,n/a
DGRS,n/a
DXPS,n/a
CAFD,Public Utilities
EGHT,Public Utilities
ADTN,Public Utilities
AKTS,Public Utilities
ALSK,Public Utilities
AMOV,Public Utilities
APLP,Public Utilities
ARTNA,Public Utilities
ABY,Public Utilities
ATNI,Public Utilities
AUDC,Public Utilities
BBRY,Public Utilities
CDZI,Public Utilities
CWST,Public Utilities
CLNE,Public Utilities
CLFD,Public Utilities
CLRO,Public Utilities
JCS,Public Utilities
CTWS,Public Utilities
CNSL,Public Utilities
CWCO,Public Utilities
DZSI,Public Utilities
DGAS,Public Utilities
FTR,Public Utilities
FTRPR,Public Utilities
GNCMA,Public Utilities
GWRS,Public Utilities
INFN,Public Utilities
IGLD,Public Utilities
LMOS,Public Utilities
CALL,Public Utilities
MTSL,Public Utilities
MSEX,Public Utilities
NTGR,Public Utilities
NEXT,Public Utilities
NEXTW,Public Utilities
NIHD,Public Utilities
OPTT,Public Utilities
OHGI,Public Utilities
OTEL,Public Utilities
OTTR,Public Utilities
PTNR,Public Utilities
PEGI,Public Utilities
PDVW,Public Utilities
PCYO,Public Utilities
RGCO,Public Utilities
SHEN,Public Utilities
SHOR,Public Utilities
SKYS,Public Utilities
SPKE,Public Utilities
SPKEP,Public Utilities
SPOK,Public Utilities
SUNW,Public Utilities
GLBL,Public Utilities
TERP,Public Utilities
YORW,Public Utilities
TMUS,Public Utilities
TMUSP,Public Utilities
ECOL,Public Utilities
VEON,Public Utilities
VVPR,Public Utilities
VOD,Public Utilities
WSTL,Public Utilities
WIN,Public Utilities
VNET,Technology
TWOU,Technology
JOBS,Technology
ACIA,Technology
ACIW,Technology
ATVI,Technology
ACTA,Technology
ACXM,Technology
IOTS,Technology
ADBE,Technology
AMD,Technology
AGYS,Technology
AIRG,Technology
AMCN,Technology
ALRM,Technology
ALLT,Technology
MDRX,Technology
AOSL,Technology
GOOG,Technology
GOOGL,Technology
AABA,Technology
AMBA,Technology
DOX,Technology
AMSWA,Technology
AMKR,Technology
ASYS,Technology
ADI,Technology
ANSS,Technology
APPF,Technology
APPN,Technology
AAPL,Technology
AMAT,Technology
AAOI,Technology
APTI,Technology
ARRS,Technology
ASML,Technology
AZPN,Technology
ALOT,Technology
ASUR,Technology
TEAM,Technology
ATOM,Technology
ATTU,Technology
ABTL,Technology
ADSK,Technology
ADP,Technology
AVNW,Technology
AVID,Technology
AWRE,Technology
ACLS,Technology
AXTI,Technology
BOSC,Technology
BIDU,Technology
BBSI,Technology
BV,Technology
BNFT,Technology
BKYI,Technology
BBOX,Technology
BLKB,Technology
BL,Technology
BCOR,Technology
EPAY,Technology
BLIN          ,Technology
BCOV,Technology
AVGO,Technology
BSFT,Technology
BVSN,Technology
BRCD,Technology
BRKS,Technology
CA,Technology
CCMP,Technology
CDNS,Technology
CAMP,Technology
CALD,Technology
CSIQ,Technology
CARB,Technology
CAVM,Technology
CRNT,Technology
CERN,Technology
CEVA,Technology
CYOU,Technology
CHKP,Technology
CNIT,Technology
CCIH,Technology
CNET,Technology
IMOS,Technology
CRUS,Technology
CSCO,Technology
CTXS,Technology
CLNT,Technology
CTSH,Technology
CHUBA,Technology
CHUBK,Technology
COMM,Technology
CVLT,Technology
CPSI,Technology
CTG,Technology
CMTL,Technology
CCUR,Technology
CNXR,Technology
CSOD,Technology
CPAH,Technology
COUP,Technology
CRAY,Technology
CREE,Technology
CRTO,Technology
CCRN,Technology
CSGS,Technology
CSPI,Technology
CVV,Technology
CYBR,Technology
CY,Technology
CYRN,Technology
DWCH,Technology
DTRM,Technology
DGII,Technology
DGLT,Technology
DMRC,Technology
DGLY,Technology
DIOD,Technology
DLHC,Technology
DSPG,Technology
EBIX,Technology
ELON,Technology
SATS,Technology
EDGW,Technology
EGAN,Technology
EA,Technology
EFII,Technology
ELTK,Technology
EMKR,Technology
EIGI,Technology
WATT,Technology
ERII,Technology
ENPH,Technology
PLUS,Technology
ERIC,Technology
EVBG,Technology
MRAM,Technology
EVOL,Technology
EXA,Technology
EXTR,Technology
FFIV,Technology
FB,Technology
FALC,Technology
FNSR,Technology
FEYE,Technology
FSLR,Technology
FISV,Technology
FIVN,Technology
FLEX,Technology
FPAY,Technology
FRSX,Technology
FORM,Technology
FORTY,Technology
FTNT,Technology
FSNN,Technology
GDS,Technology
GFN,Technology
GFNCP,Technology
GFNSL,Technology
GIGM,Technology
GILT,Technology
GLUU,Technology
GEC,Technology
GSUM,Technology
GRPN,Technology
GSIT,Technology
GUID,Technology
HQCL,Technology
HLIT,Technology
HSTM,Technology
HSII,Technology
HIMX,Technology
HDP,Technology
HSON,Technology
ICHR,Technology
INVE,Technology
INFO,Technology
IMMR,Technology
IMPV,Technology
INOD,Technology
ISSC,Technology
INOV,Technology
INPX,Technology
INSE,Technology
IDTI,Technology
INTC,Technology
LINK,Technology
IMI,Technology
INAP,Technology
IIJI,Technology
INTX,Technology
IVAC,Technology
INTU,Technology
IPAS,Technology
IPGP,Technology
IXYS,Technology
JCOM,Technology
JASO,Technology
JKHY,Technology
JMU,Technology
KELYA,Technology
KELYB,Technology
KTEC,Technology
KTCC,Technology
KFRC,Technology
KE,Technology
KONE,Technology
KOPN,Technology
KLIC,Technology
KVHI,Technology
LRCX,Technology
LTRX,Technology
LSCC,Technology
LTRPA,Technology
LTRPB,Technology
LPTH,Technology
LECO,Technology
LIVE,Technology
LPSN,Technology
LOGI,Technology
LOGM,Technology
LORL,Technology
MTSI,Technology
MGIC,Technology
MNGA,Technology
MAMS,Technology
MANH,Technology
MNTX,Technology
MRVL,Technology
MTCH,Technology
MTLS,Technology
MATR,Technology
MXIM,Technology
MGRC,Technology
MDCA,Technology
MTBC,Technology
MTBCP,Technology
MDSO,Technology
MLNX,Technology
MCHP,Technology
MU,Technology
MSCC,Technology
MSFT,Technology
MSTR,Technology
MIME,Technology
MNDO,Technology
MB,Technology
MIND,Technology
MINDP,Technology
MITK,Technology
MITL,Technology
MOBL,Technology
MOMO,Technology
MPWR,Technology
TYPE,Technology
MSDI,Technology
MSDIW,Technology
MOSY,Technology
MOXC,Technology
MYSZ,Technology
NNDM,Technology
NH,Technology
NATI,Technology
NETE,Technology
NTAP,Technology
NLST,Technology
NTCT,Technology
NTWK,Technology
NICE,Technology
NUAN,Technology
NTNX,Technology
NVEC,Technology
NVDA,Technology
NXPI,Technology
OIIM,Technology
OCLR,Technology
OKTA,Technology
OMCL,Technology
ON,Technology
OTIV,Technology
OTEX,Technology
OSIS,Technology
PFIN,Technology
PCYG,Technology
PRKR,Technology
PCTY,Technology
PCTI,Technology
PDFS,Technology
PEGA,Technology
PRFT,Technology
PERI,Technology
PLAB,Technology
PXLW,Technology
PLXS,Technology
PNTR,Technology
COOL,Technology
POWI,Technology
PSDO,Technology
IPDN,Technology
PRGS,Technology
PFPT,Technology
PTC,Technology
QADA,Technology
QADB,Technology
QRVO,Technology
QCOM,Technology
QSII,Technology
QBAK,Technology
QLYS,Technology
QTNA,Technology
QRHC,Technology
QUIK,Technology
QUMU,Technology
RDCM,Technology
RSYS,Technology
RMBS,Technology
RPD,Technology
RCMT,Technology
RNWK,Technology
RP,Technology
RCII,Technology
RESN,Technology
RBCN,Technology
SABR,Technology
SANM,Technology
SPNS,Technology
SCSC,Technology
SGMS,Technology
SEAC,Technology
STX,Technology
SCWX,Technology
LEDS,Technology
SMTC,Technology
SGOC,Technology
SHSP,Technology
PIXY,Technology
SSTI,Technology
SWIR,Technology
SIFY,Technology
SIGM,Technology
SGMA,Technology
SILC,Technology
SLAB,Technology
SIMO,Technology
SPIL,Technology
SLP,Technology
SINA,Technology
SWKS,Technology
SGH,Technology
SMSI,Technology
SMTX,Technology
SRAX,Technology
SCKT,Technology
SOHU,Technology
SEDG,Technology
SOFO,Technology
SONS,Technology
ANY,Technology
SPI,Technology
SPLK,Technology
SPSC,Technology
SSNC,Technology
STAF,Technology
SSYS,Technology
STRM,Technology
SPWR,Technology
SMCI,Technology
SPCB,Technology
SCON,Technology
SPRT,Technology
SYKE,Technology
SYMC,Technology
SYNC,Technology
SYNA,Technology
SNCR,Technology
SNPS,Technology
SYNT,Technology
TTWO,Technology
TLND,Technology
TECD,Technology
TCCO,Technology
TTEC,Technology
TXN,Technology
DSGX,Technology
KEYW,Technology
MIDD,Technology
TSG,Technology
TTD,Technology
ULTI,Technology
TNTR,Technology
TISA,Technology
TSEM,Technology
TACT,Technology
TZOO,Technology
TRIP,Technology
TRVG,Technology
TRUE,Technology
TSRI,Technology
TTMI,Technology
TCX,Technology
TWIN,Technology
UBNT,Technology
UCTT,Technology
UPLD,Technology
VRNS,Technology
VDSI,Technology
VECO,Technology
VRNT,Technology
VRSN,Technology
VRSK,Technology
VERI,Technology
VSAT,Technology
VIAV,Technology
VRTU,Technology
VUZI,Technology
WSTG,Technology
WEB,Technology
WB,Technology
WDC,Technology
WIX,Technology
WPPGY,Technology
WSCI,Technology
XLNX,Technology
XPER,Technology
XPLR,Technology
XNET,Technology
YNDX,Technology
YY,Technology
ZBRA,Technology
ZIXI,Technology
ZNGA,Technology
AIRT,Transportation
ATSG,Transportation
ALGT,Transportation
AAL,Transportation
ARCB,Transportation
AAWW,Transportation
CHRW,Transportation
CPLP,Transportation
CVTI,Transportation
CYRX,Transportation
CYRXW,Transportation
CSX,Transportation
DCIX,Transportation
DRYS,Transportation
EGLE,Transportation
ECHO,Transportation
ESEA,Transportation
EXPD,Transportation
FWRD,Transportation
GLBS,Transportation
OMAB,Transportation
HA,Transportation
HTLD,Transportation
HUBG,Transportation
HUNT,Transportation
HUNTU,Transportation
HUNTW,Transportation
JBHT,Transportation
JBLU,Transportation
LSTR,Transportation
MRTN,Transportation
ODFL,Transportation
PTSI,Transportation
PANL,Transportation
PATI,Transportation
PHII,Transportation
PHIIK,Transportation
PXS,Transportation
RYAAY,Transportation
SAIA,Transportation
SHIP,Transportation
SHIPW,Transportation
SINO,Transportation
SKYW,Transportation
SAVE,Transportation
SBLK,Transportation
SBLKL,Transportation
GASS,Transportation
STB,Transportation
TOPS,Transportation
ULH,Transportation
USAK,Transportation
WERN,Transportation
YRCW,Transportation
